{"cat": {"loss": 0.0018666867405788708, "acc": 0.9835}, "primate": {"loss": 0.0023877884109126625, "acc": 0.9845}, "spider": {"loss": 0.003051405186560544, "acc": 0.978}, "snake": {"loss": 0.002261386393990506, "acc": 0.983}, "bird": {"loss": 0.003251867268528208, "acc": 0.976}, "dog": {"loss": 0.0006385582198736444, "acc": 0.9945}, "ship": {"loss": 0.002472349972565553, "acc": 0.98}, "crab": {"loss": 0.0011656460456587183, "acc": 0.993}, "car": {"loss": 0.0011082625410940637, "acc": 0.99}, "beetle": {"loss": 0.0036382976156144197, "acc": 0.9755}}