{"cat": {"loss": 0.004221689029745221, "acc": 0.972}, "primate": {"loss": 0.0035815067213895873, "acc": 0.978}, "spider": {"loss": 0.00658482192013728, "acc": 0.953}, "snake": {"loss": 0.002983310365947972, "acc": 0.976}, "bird": {"loss": 0.006651471336962118, "acc": 0.9655}, "dog": {"loss": 0.002934042049705184, "acc": 0.9775}, "ship": {"loss": 0.004028728835016285, "acc": 0.974}, "crab": {"loss": 0.003261031708254137, "acc": 0.98}, "car": {"loss": 0.003476556887408606, "acc": 0.9795}, "beetle": {"loss": 0.006263325155479436, "acc": 0.9685}}