{"cat": {"loss": 0.008934832200782295, "acc": 0.957}, "primate": {"loss": 0.010171379558517457, "acc": 0.9615}, "spider": {"loss": 0.013516292443197983, "acc": 0.9445}, "snake": {"loss": 0.009644051784907326, "acc": 0.962}, "bird": {"loss": 0.01327015195348747, "acc": 0.952}, "dog": {"loss": 0.007190617243744697, "acc": 0.9705}, "ship": {"loss": 0.012167362551281827, "acc": 0.954}, "crab": {"loss": 0.006789268522298017, "acc": 0.968}, "car": {"loss": 0.008613538328679922, "acc": 0.9685}, "beetle": {"loss": 0.013593041730583537, "acc": 0.9485}}